IP 地址,已发送,已接收,丢包率,平均延迟,下载速度 (MB/s)
104.17.206.49,4,4,0.00,21.79,0.00
162.159.60.115,4,4,0.00,25.87,0.00
104.17.143.15,4,4,0.00,29.93,0.00
162.159.43.117,4,4,0.00,32.30,0.00
104.19.40.157,4,4,0.00,42.38,0.00
104.19.59.160,4,4,0.00,42.67,0.00
104.19.34.107,4,4,0.00,47.09,0.00
104.19.38.127,4,4,0.00,49.03,0.00
104.19.51.198,4,4,0.00,49.29,0.00
104.19.47.239,4,4,0.00,53.32,0.00
104.19.56.73,4,4,0.00,53.94,0.00
190.93.245.88,4,4,0.00,62.47,0.00
104.19.214.167,4,4,0.00,62.85,0.00
104.19.35.237,4,4,0.00,64.19,0.00
104.17.133.42,4,4,0.00,64.86,0.00
141.101.114.26,4,4,0.00,65.43,0.00
190.93.244.213,4,4,0.00,66.16,0.00
104.18.230.109,4,4,0.00,66.63,0.00
104.18.228.139,4,4,0.00,67.73,0.00
141.101.115.242,4,4,0.00,69.91,0.00
104.19.43.68,4,4,0.00,73.75,0.00
104.19.58.208,4,4,0.00,74.22,0.00
104.18.173.16,4,4,0.00,77.29,0.00
104.17.52.5,4,4,0.00,77.83,0.00
198.41.220.53,4,4,0.00,84.20,0.00
104.16.245.38,4,4,0.00,84.79,0.00
198.41.212.119,4,4,0.00,86.99,0.00
162.159.34.12,4,4,0.00,90.44,0.00
104.17.215.246,4,4,0.00,91.72,0.00
104.17.216.13,4,4,0.00,91.95,0.00
104.17.213.162,4,4,0.00,92.40,0.00
162.159.35.24,4,4,0.00,92.47,0.00
104.17.209.21,4,4,0.00,94.64,0.00
198.41.221.173,4,4,0.00,95.33,0.00
104.17.180.63,4,4,0.00,95.84,0.00
104.17.20.11,4,4,0.00,96.33,0.00
104.17.222.52,4,4,0.00,97.27,0.00
104.17.182.62,4,4,0.00,97.79,0.00
104.17.165.44,4,4,0.00,98.02,0.00
104.17.173.184,4,4,0.00,98.03,0.00
104.16.145.238,4,4,0.00,98.65,0.00
104.17.176.226,4,4,0.00,98.85,0.00
198.41.208.47,4,4,0.00,99.14,0.00
190.93.246.244,4,4,0.00,100.22,0.00
104.17.184.23,4,4,0.00,100.29,0.00
104.16.149.59,4,4,0.00,100.88,0.00
104.17.56.144,4,4,0.00,101.68,0.00
108.162.198.182,4,4,0.00,101.84,0.00
162.159.201.245,4,4,0.00,101.88,0.00
162.159.42.96,4,4,0.00,102.70,0.00
104.17.178.243,4,4,0.00,106.01,0.00
104.17.179.7,4,4,0.00,106.07,0.00
104.17.174.31,4,4,0.00,109.12,0.00
104.18.85.212,4,4,0.00,111.69,0.00
104.17.166.198,4,4,0.00,112.63,0.00
104.17.156.223,4,4,0.00,130.69,0.00
104.17.155.107,4,4,0.00,130.89,0.00
190.93.247.165,4,4,0.00,141.30,0.00
104.17.207.149,4,4,0.00,142.69,0.00
104.17.151.207,4,4,0.00,143.76,0.00
104.17.153.66,4,4,0.00,146.81,0.00
104.17.164.232,4,4,0.00,147.13,0.00
104.17.147.49,4,4,0.00,152.61,0.00
104.17.160.152,4,4,0.00,155.54,0.00
104.16.57.108,4,4,0.00,156.00,0.00
104.17.247.207,4,4,0.00,156.32,0.00
104.17.159.230,4,4,0.00,156.83,0.00
104.21.227.0,4,4,0.00,156.92,0.00
104.16.53.120,4,4,0.00,157.03,0.00
104.17.248.56,4,4,0.00,157.18,0.00
104.18.3.233,4,4,0.00,157.38,0.00
104.17.227.189,4,4,0.00,157.81,0.00
104.22.55.79,4,4,0.00,158.03,0.00
104.17.150.38,4,4,0.00,158.24,0.00
104.18.7.178,4,4,0.00,158.33,0.00
104.21.228.85,4,4,0.00,158.34,0.00
104.22.60.40,4,4,0.00,158.39,0.00
104.17.163.71,4,4,0.00,158.95,0.00
104.18.14.152,4,4,0.00,158.98,0.00
104.16.46.249,4,4,0.00,159.05,0.00
104.17.224.225,4,4,0.00,159.17,0.00
104.22.56.41,4,4,0.00,159.44,0.00
104.18.5.7,4,4,0.00,159.95,0.00
104.16.48.176,4,4,0.00,160.37,0.00
104.17.250.168,4,4,0.00,160.76,0.00
104.17.253.204,4,4,0.00,160.88,0.00
104.18.2.229,4,4,0.00,160.90,0.00
104.16.49.135,4,4,0.00,161.08,0.00
104.16.56.47,4,4,0.00,161.36,0.00
104.16.52.68,4,4,0.00,161.40,0.00
104.17.246.172,4,4,0.00,161.47,0.00
104.17.225.87,4,4,0.00,161.64,0.00
104.16.55.214,4,4,0.00,161.78,0.00
104.21.230.127,4,4,0.00,162.58,0.00
104.16.50.202,4,4,0.00,162.83,0.00
104.18.19.122,4,4,0.00,162.99,0.00
104.16.54.77,4,4,0.00,163.04,0.00
104.16.47.191,4,4,0.00,163.29,0.00
104.17.235.195,4,4,0.00,163.32,0.00
104.18.18.67,4,4,0.00,163.80,0.00
104.18.21.22,4,4,0.00,164.01,0.00
104.18.22.161,4,4,0.00,164.44,0.00
104.18.20.215,4,4,0.00,165.28,0.00
104.16.44.95,4,4,0.00,165.41,0.00
104.17.254.166,4,4,0.00,165.64,0.00
104.18.16.68,4,4,0.00,165.69,0.00
104.17.252.1,4,4,0.00,167.06,0.00
104.18.15.158,4,4,0.00,167.22,0.00
104.18.17.25,4,4,0.00,167.30,0.00
104.17.251.94,4,4,0.00,167.84,0.00
104.18.12.178,4,4,0.00,168.04,0.00
104.17.249.244,4,4,0.00,168.76,0.00
104.18.23.70,4,4,0.00,168.79,0.00
104.16.42.215,4,4,0.00,169.29,0.00
104.18.13.45,4,4,0.00,169.73,0.00
104.17.74.95,4,4,0.00,170.69,0.00
104.19.248.168,4,4,0.00,171.35,0.00
104.16.172.2,4,4,0.00,171.84,0.00
104.19.251.250,4,4,0.00,172.66,0.00
104.16.21.130,4,4,0.00,172.67,0.00
104.16.118.223,4,4,0.00,172.73,0.00
104.22.4.234,4,4,0.00,173.25,0.00
104.21.205.182,4,4,0.00,173.44,0.00
104.16.115.221,4,4,0.00,173.78,0.00
104.16.125.56,4,4,0.00,173.89,0.00
104.17.70.100,4,4,0.00,173.91,0.00
104.16.171.66,4,4,0.00,173.98,0.00
188.114.97.173,4,4,0.00,174.04,0.00
104.20.205.194,4,4,0.00,174.39,0.00
104.17.72.36,4,4,0.00,174.43,0.00
104.19.19.11,4,4,0.00,174.54,0.00
104.16.208.6,4,4,0.00,174.88,0.00
104.16.124.20,4,4,0.00,174.96,0.00
104.18.248.104,4,4,0.00,175.04,0.00
104.21.219.43,4,4,0.00,175.10,0.00
104.16.127.197,4,4,0.00,175.24,0.00
104.17.76.96,4,4,0.00,175.25,0.00
104.17.71.3,4,4,0.00,175.53,0.00
104.16.170.213,4,4,0.00,175.62,0.00
104.16.126.237,4,4,0.00,175.73,0.00
104.16.216.54,4,4,0.00,175.74,0.00
104.19.20.231,4,4,0.00,175.74,0.00
104.23.98.108,4,4,0.00,175.79,0.00
104.22.70.190,4,4,0.00,175.79,0.00
104.16.122.18,4,4,0.00,175.82,0.00
104.16.190.198,4,4,0.00,175.85,0.00
104.20.198.173,4,4,0.00,175.86,0.00
104.24.237.113,4,4,0.00,175.88,0.00
104.18.214.151,4,4,0.00,175.93,0.00
104.24.170.195,4,4,0.00,175.93,0.00
104.24.184.254,4,4,0.00,175.94,0.00
104.23.140.50,4,4,0.00,176.07,0.00
104.16.169.138,4,4,0.00,176.17,0.00
104.18.215.227,4,4,0.00,176.23,0.00
104.20.207.100,4,4,0.00,176.33,0.00
104.16.236.146,4,4,0.00,176.49,0.00
104.16.117.7,4,4,0.00,176.52,0.00
104.24.209.113,4,4,0.00,176.74,0.00
104.23.138.133,4,4,0.00,176.84,0.00
104.18.196.84,4,4,0.00,176.88,0.00
104.25.123.180,4,4,0.00,177.23,0.00
104.16.121.127,4,4,0.00,177.29,0.00
104.17.149.182,4,4,0.00,177.48,0.00
104.16.120.23,4,4,0.00,177.52,0.00
162.159.4.98,4,4,0.00,177.61,0.00
104.20.218.252,4,4,0.00,177.62,0.00
104.20.196.224,4,4,0.00,177.64,0.00
188.114.96.99,4,4,0.00,177.65,0.00
104.25.77.251,4,4,0.00,177.80,0.00
104.24.221.147,4,4,0.00,177.85,0.00
104.20.184.160,4,4,0.00,177.88,0.00
104.17.73.104,4,4,0.00,177.91,0.00
104.16.188.24,4,4,0.00,178.03,0.00
104.24.238.167,4,4,0.00,178.14,0.00
104.23.116.109,4,4,0.00,178.18,0.00
104.24.167.13,4,4,0.00,178.28,0.00
104.23.137.235,4,4,0.00,178.51,0.00
104.16.168.39,4,4,0.00,178.52,0.00
104.25.42.236,4,4,0.00,178.52,0.00
104.23.102.57,4,4,0.00,178.57,0.00
104.25.9.137,4,4,0.00,178.63,0.00
104.18.243.192,4,4,0.00,178.64,0.00
104.18.24.183,4,4,0.00,178.70,0.00
104.24.169.124,4,4,0.00,178.80,0.00
104.23.106.118,4,4,0.00,178.83,0.00
104.18.212.182,4,4,0.00,178.96,0.00
104.18.244.248,4,4,0.00,179.05,0.00
104.20.84.138,4,4,0.00,179.08,0.00
104.25.21.245,4,4,0.00,179.19,0.00
104.25.65.133,4,4,0.00,179.21,0.00
104.23.115.231,4,4,0.00,179.26,0.00
104.23.128.97,4,4,0.00,179.27,0.00
162.159.5.238,4,4,0.00,179.28,0.00
162.159.1.75,4,4,0.00,179.35,0.00
104.23.101.180,4,4,0.00,179.41,0.00
104.24.95.56,4,4,0.00,179.41,0.00
104.16.123.168,4,4,0.00,179.45,0.00
104.23.130.137,4,4,0.00,179.51,0.00
104.21.214.201,4,4,0.00,179.62,0.00
104.16.119.168,4,4,0.00,179.71,0.00
104.23.126.56,4,4,0.00,179.74,0.00
104.23.120.111,4,4,0.00,179.79,0.00
162.159.3.31,4,4,0.00,179.83,0.00
108.162.195.139,4,4,0.00,179.91,0.00
108.162.192.25,4,4,0.00,179.96,0.00
198.41.193.196,4,4,0.00,180.04,0.00
104.20.170.196,4,4,0.00,180.08,0.00
104.17.75.121,4,4,0.00,180.15,0.00
198.41.196.231,4,4,0.00,180.31,0.00
198.41.215.170,4,4,0.00,180.33,0.00
104.25.34.2,4,4,0.00,180.43,0.00
104.19.178.26,4,4,0.00,180.46,0.00
162.159.38.127,4,4,0.00,180.48,0.00
198.41.207.79,4,4,0.00,180.51,0.00
104.21.201.185,4,4,0.00,180.56,0.00
108.162.196.145,4,4,0.00,180.67,0.00
104.19.26.231,4,4,0.00,180.70,0.00
104.21.223.114,4,4,0.00,180.72,0.00
104.21.203.157,4,4,0.00,180.74,0.00
198.41.211.164,4,4,0.00,180.74,0.00
173.245.58.141,4,4,0.00,180.77,0.00
104.24.219.115,4,4,0.00,180.82,0.00
108.162.194.35,4,4,0.00,180.90,0.00
162.159.205.236,4,4,0.00,180.99,0.00
104.23.134.116,4,4,0.00,181.05,0.00
104.19.201.22,4,4,0.00,181.06,0.00
104.20.151.194,4,4,0.00,181.14,0.00
104.24.165.232,4,4,0.00,181.21,0.00
162.159.206.24,4,4,0.00,181.22,0.00
198.41.203.26,4,4,0.00,181.22,0.00
104.18.240.138,4,4,0.00,181.31,0.00
198.41.214.116,4,4,0.00,181.31,0.00
104.20.83.161,4,4,0.00,181.34,0.00
104.23.136.0,4,4,0.00,181.37,0.00
198.41.201.199,4,4,0.00,181.39,0.00
104.17.158.94,4,4,0.00,181.44,0.00
141.101.123.222,4,4,0.00,181.49,0.00
104.20.82.200,4,4,0.00,181.53,0.00
104.21.97.172,4,4,0.00,181.56,0.00
104.23.139.162,4,4,0.00,181.60,0.00
104.23.109.248,4,4,0.00,181.82,0.00
104.21.221.46,4,4,0.00,181.93,0.00
162.159.23.139,4,4,0.00,182.08,0.00
104.19.182.52,4,4,0.00,182.41,0.00
104.25.69.244,4,4,0.00,182.47,0.00
188.114.98.113,4,4,0.00,182.48,0.00
104.24.220.35,4,4,0.00,182.50,0.00
173.245.59.151,4,4,0.00,182.53,0.00
198.41.192.10,4,4,0.00,182.58,0.00
173.245.49.133,4,4,0.00,182.62,0.00
104.21.95.79,4,4,0.00,182.84,0.00
141.101.120.82,4,4,0.00,182.88,0.00
198.41.219.188,4,4,0.00,182.89,0.00
198.41.199.243,4,4,0.00,182.92,0.00
141.101.90.102,4,4,0.00,182.95,0.00
104.24.190.79,4,4,0.00,182.98,0.00
104.23.114.57,4,4,0.00,182.99,0.00
162.159.26.157,4,4,0.00,183.17,0.00
104.19.207.174,4,4,0.00,183.23,0.00
104.25.76.141,4,4,0.00,183.28,0.00
104.20.193.254,4,4,0.00,183.37,0.00
104.20.81.200,4,4,0.00,183.40,0.00
198.41.202.218,4,4,0.00,183.43,0.00
104.19.15.117,4,4,0.00,183.45,0.00
104.19.5.43,4,4,0.00,183.69,0.00
198.41.206.40,4,4,0.00,183.71,0.00
104.23.132.179,4,4,0.00,183.83,0.00
104.21.200.105,4,4,0.00,183.90,0.00
104.23.118.146,4,4,0.00,183.91,0.00
104.20.203.182,4,4,0.00,183.91,0.00
162.159.0.174,4,4,0.00,183.97,0.00
104.23.103.231,4,4,0.00,183.97,0.00
141.101.122.65,4,4,0.00,184.00,0.00
104.24.188.134,4,4,0.00,184.39,0.00
162.159.6.226,4,4,0.00,184.46,0.00
162.159.19.233,4,4,0.00,184.49,0.00
104.22.78.130,4,4,0.00,184.52,0.00
104.19.14.8,4,4,0.00,184.56,0.00
104.20.87.76,4,4,0.00,184.57,0.00
162.159.22.196,4,4,0.00,184.62,0.00
104.20.209.135,4,4,0.00,184.69,0.00
141.101.121.170,4,4,0.00,184.82,0.00
104.23.119.206,4,4,0.00,184.94,0.00
162.159.10.196,4,4,0.00,185.04,0.00
198.41.197.159,4,4,0.00,185.12,0.00
108.162.193.141,4,4,0.00,185.14,0.00
104.24.185.2,4,4,0.00,185.17,0.00
104.21.103.156,4,4,0.00,185.32,0.00
104.23.127.233,4,4,0.00,185.33,0.00
188.114.99.33,4,4,0.00,185.37,0.00
141.101.113.117,4,4,0.00,185.37,0.00
104.22.64.164,4,4,0.00,185.49,0.00
104.20.98.241,4,4,0.00,185.49,0.00
104.25.149.125,4,4,0.00,185.58,0.00
104.19.22.148,4,4,0.00,185.65,0.00
198.41.204.198,4,4,0.00,185.67,0.00
104.16.39.207,4,4,0.00,185.69,0.00
198.41.195.167,4,4,0.00,185.85,0.00
104.19.196.66,4,4,0.00,185.88,0.00
104.20.200.235,4,4,0.00,185.89,0.00
104.24.183.228,4,4,0.00,185.91,0.00
198.41.205.116,4,4,0.00,186.18,0.00
104.16.38.121,4,4,0.00,186.21,0.00
162.159.36.3,4,4,0.00,186.26,0.00
104.25.30.220,4,4,0.00,186.28,0.00
162.159.16.223,4,4,0.00,186.33,0.00
104.19.21.40,4,4,0.00,186.39,0.00
162.159.21.5,4,4,0.00,186.52,0.00
162.159.24.138,4,4,0.00,186.66,0.00
162.159.25.62,4,4,0.00,186.66,0.00
104.23.104.175,4,4,0.00,186.69,0.00
162.159.40.31,4,4,0.00,187.26,0.00
162.159.14.184,4,4,0.00,187.36,0.00
104.23.99.114,4,4,0.00,187.58,0.00
162.159.12.221,4,4,0.00,187.63,0.00
162.159.50.254,4,4,0.00,187.69,0.00
162.159.18.186,4,4,0.00,187.84,0.00
162.159.7.39,4,4,0.00,187.89,0.00
103.21.244.147,4,4,0.00,187.91,0.00
104.24.156.132,4,4,0.00,188.07,0.00
162.159.44.185,4,4,0.00,188.25,0.00
162.159.45.74,4,4,0.00,188.34,0.00
198.41.194.95,4,4,0.00,188.40,0.00
162.159.2.131,4,4,0.00,188.49,0.00
104.24.93.236,4,4,0.00,188.54,0.00
198.41.198.243,4,4,0.00,188.58,0.00
104.20.213.220,4,4,0.00,188.69,0.00
162.159.33.166,4,4,0.00,188.90,0.00
198.41.200.139,4,4,0.00,189.30,0.00
162.159.17.134,4,4,0.00,189.47,0.00
104.24.1.215,4,4,0.00,189.70,0.00
104.16.35.162,4,4,0.00,189.76,0.00
104.16.37.22,4,4,0.00,189.78,0.00
162.159.194.164,4,4,0.00,189.94,0.00
162.159.197.36,4,4,0.00,189.95,0.00
162.159.20.161,4,4,0.00,189.97,0.00
104.19.74.14,4,4,0.00,190.13,0.00
162.159.198.138,4,4,0.00,190.26,0.00
162.159.195.65,4,4,0.00,190.38,0.00
162.159.193.172,4,4,0.00,190.39,0.00
162.159.192.213,4,4,0.00,190.86,0.00
162.159.202.118,4,4,0.00,190.89,0.00
104.19.254.89,4,4,0.00,190.98,0.00
162.159.9.93,4,4,0.00,191.16,0.00
162.159.8.247,4,4,0.00,191.27,0.00
162.159.196.194,4,4,0.00,191.33,0.00
162.159.58.66,4,4,0.00,191.88,0.00
162.159.57.3,4,4,0.00,192.06,0.00
104.16.33.64,4,4,0.00,192.17,0.00
162.159.61.151,4,4,0.00,192.25,0.00
162.159.56.83,4,4,0.00,192.32,0.00
104.19.250.112,4,4,0.00,192.46,0.00
162.159.199.172,4,4,0.00,193.54,0.00
162.159.39.206,4,4,0.00,193.57,0.00
162.159.41.109,4,4,0.00,193.66,0.00
104.20.113.102,4,4,0.00,193.89,0.00
104.24.54.124,4,4,0.00,193.92,0.00
162.159.15.61,4,4,0.00,193.93,0.00
162.159.27.107,4,4,0.00,194.07,0.00
162.159.13.9,4,4,0.00,194.25,0.00
162.159.46.29,4,4,0.00,194.85,0.00
162.159.11.148,4,4,0.00,194.86,0.00
162.159.51.127,4,4,0.00,195.15,0.00
162.159.62.233,4,4,0.00,195.82,0.00
104.17.146.58,4,4,0.00,195.94,0.00
162.159.49.185,4,4,0.00,195.99,0.00
162.159.48.160,4,4,0.00,196.11,0.00
162.159.32.210,4,4,0.00,196.12,0.00
104.20.110.195,4,4,0.00,197.04,0.00
104.21.59.89,4,4,0.00,197.73,0.00
104.20.122.30,4,4,0.00,197.83,0.00
104.24.30.226,4,4,0.00,198.24,0.00
104.21.93.213,4,4,0.00,199.08,0.00
104.24.43.247,4,4,0.00,199.17,0.00
104.24.33.172,4,4,0.00,199.27,0.00
104.21.94.109,4,4,0.00,199.95,0.00
104.20.112.97,4,4,0.00,201.32,0.00
104.20.85.248,4,4,0.00,201.37,0.00
104.21.61.105,4,4,0.00,201.63,0.00
104.24.29.96,4,4,0.00,202.63,0.00
104.24.32.226,4,4,0.00,202.64,0.00
104.24.14.24,4,4,0.00,204.13,0.00
104.24.9.162,4,4,0.00,204.94,0.00
104.17.145.249,4,4,0.00,205.03,0.00
104.24.34.60,4,4,0.00,205.46,0.00
104.24.4.87,4,4,0.00,207.09,0.00
104.25.186.114,4,4,0.00,207.17,0.00
104.24.5.199,4,4,0.00,207.36,0.00
104.24.16.183,4,4,0.00,208.19,0.00
104.19.127.124,4,4,0.00,210.54,0.00
104.19.102.33,4,4,0.00,211.86,0.00
104.24.0.21,4,4,0.00,212.33,0.00
104.17.144.128,4,4,0.00,212.67,0.00
104.24.2.168,4,4,0.00,215.46,0.00
104.19.139.215,4,4,0.00,216.37,0.00
104.21.75.238,4,4,0.00,219.59,0.00
104.24.83.102,4,4,0.00,221.03,0.00
104.16.129.186,4,4,0.00,223.77,0.00
104.20.246.19,4,4,0.00,226.32,0.00
104.21.39.1,4,4,0.00,227.09,0.00
162.159.133.143,4,4,0.00,228.09,0.00
104.21.35.124,4,4,0.00,229.08,0.00
104.16.133.206,4,4,0.00,229.72,0.00
104.21.37.30,4,4,0.00,229.85,0.00
162.159.152.1,4,4,0.00,229.95,0.00
162.159.143.102,4,4,0.00,230.06,0.00
104.16.128.250,4,4,0.00,230.44,0.00
162.159.134.121,4,4,0.00,230.46,0.00
162.159.160.238,4,4,0.00,230.56,0.00
104.20.247.22,4,4,0.00,231.40,0.00
162.159.137.65,4,4,0.00,231.42,0.00
162.159.141.129,4,4,0.00,231.49,0.00
162.159.142.228,4,4,0.00,231.76,0.00
162.159.130.209,4,4,0.00,232.50,0.00
162.159.140.68,4,4,0.00,235.71,0.00
162.159.135.14,4,4,0.00,235.96,0.00
162.159.129.167,4,4,0.00,236.32,0.00
162.159.128.85,4,4,0.00,238.68,0.00
104.20.1.238,4,4,0.00,244.09,0.00
104.19.239.153,4,4,0.00,266.71,0.00
104.25.247.178,4,3,0.25,18.80,0.00
104.18.233.132,4,3,0.25,21.38,0.00
104.16.8.223,4,3,0.25,21.82,0.00
104.16.14.57,4,3,0.25,22.21,0.00
104.25.245.37,4,3,0.25,22.85,0.00
104.18.234.155,4,3,0.25,23.81,0.00
104.25.249.178,4,3,0.25,23.83,0.00
104.25.254.77,4,3,0.25,25.68,0.00
104.18.72.164,4,3,0.25,26.76,0.00
104.17.194.92,4,3,0.25,29.74,0.00
104.16.3.5,4,3,0.25,32.72,0.00
104.19.37.159,4,3,0.25,35.60,0.00
104.19.62.154,4,3,0.25,40.67,0.00
104.17.197.237,4,3,0.25,41.70,0.00
104.17.192.93,4,3,0.25,44.35,0.00
104.17.195.47,4,3,0.25,46.87,0.00
104.19.44.9,4,3,0.25,48.42,0.00
104.19.36.51,4,3,0.25,48.83,0.00
104.17.200.68,4,3,0.25,49.05,0.00
104.19.39.103,4,3,0.25,57.69,0.00
104.16.1.77,4,3,0.25,69.93,0.00
104.16.9.33,4,3,0.25,71.12,0.00
104.16.7.170,4,3,0.25,71.85,0.00
104.19.41.92,4,3,0.25,72.63,0.00
104.19.42.82,4,3,0.25,73.67,0.00
104.19.63.153,4,3,0.25,73.69,0.00
104.19.33.167,4,3,0.25,79.73,0.00
104.17.112.62,4,3,0.25,81.95,0.00
104.19.32.184,4,3,0.25,83.02,0.00
104.17.108.149,4,3,0.25,83.25,0.00
104.17.210.70,4,3,0.25,83.85,0.00
104.17.98.117,4,3,0.25,84.48,0.00
104.18.43.11,4,3,0.25,86.09,0.00
104.17.97.160,4,3,0.25,87.82,0.00
104.18.91.226,4,3,0.25,87.92,0.00
104.17.221.244,4,3,0.25,89.75,0.00
104.17.100.225,4,3,0.25,89.98,0.00
104.17.103.165,4,3,0.25,91.25,0.00
104.17.106.86,4,3,0.25,91.87,0.00
104.17.111.99,4,3,0.25,91.95,0.00
104.17.220.80,4,3,0.25,92.25,0.00
104.17.115.110,4,3,0.25,92.48,0.00
104.17.218.158,4,3,0.25,92.56,0.00
104.17.217.83,4,3,0.25,92.91,0.00
104.17.214.103,4,3,0.25,93.05,0.00
104.17.105.3,4,3,0.25,93.33,0.00
104.18.42.157,4,3,0.25,93.89,0.00
104.17.219.233,4,3,0.25,94.31,0.00
104.17.211.187,4,3,0.25,94.46,0.00
104.18.39.201,4,3,0.25,97.30,0.00
104.17.99.23,4,3,0.25,97.38,0.00
104.17.101.224,4,3,0.25,98.37,0.00
104.16.150.51,4,3,0.25,99.16,0.00
104.17.123.115,4,3,0.25,102.44,0.00
104.17.104.150,4,3,0.25,102.68,0.00
104.18.35.13,4,3,0.25,102.97,0.00
104.17.167.127,4,3,0.25,103.84,0.00
198.41.209.92,4,3,0.25,104.53,0.00
104.17.183.122,4,3,0.25,104.73,0.00
104.17.107.232,4,3,0.25,105.22,0.00
104.18.88.100,4,3,0.25,105.40,0.00
104.17.124.252,4,3,0.25,106.52,0.00
104.18.80.221,4,3,0.25,106.95,0.00
104.18.95.114,4,3,0.25,107.17,0.00
104.18.46.113,4,3,0.25,107.86,0.00
104.17.122.204,4,3,0.25,108.13,0.00
104.17.109.155,4,3,0.25,108.35,0.00
104.17.118.89,4,3,0.25,110.53,0.00
104.17.96.138,4,3,0.25,111.46,0.00
104.18.188.6,4,3,0.25,111.67,0.00
104.16.0.93,4,3,0.25,111.84,0.00
104.18.40.45,4,3,0.25,112.45,0.00
104.19.54.38,4,3,0.25,112.85,0.00
104.17.191.14,4,3,0.25,113.95,0.00
104.17.171.177,4,3,0.25,114.59,0.00
104.16.5.7,4,3,0.25,115.02,0.00
104.17.114.17,4,3,0.25,115.52,0.00
104.17.102.110,4,3,0.25,116.21,0.00
104.16.13.63,4,3,0.25,116.83,0.00
104.16.6.18,4,3,0.25,117.17,0.00
104.18.33.23,4,3,0.25,117.51,0.00
104.16.12.99,4,3,0.25,118.62,0.00
104.17.148.205,4,3,0.25,119.83,0.00
104.17.186.32,4,3,0.25,122.49,0.00
104.17.189.162,4,3,0.25,123.28,0.00
104.17.169.86,4,3,0.25,123.96,0.00
104.17.127.17,4,3,0.25,126.79,0.00
104.18.236.40,4,3,0.25,131.59,0.00
104.17.17.202,4,3,0.25,136.14,0.00
104.16.246.5,4,3,0.25,137.54,0.00
104.18.157.172,4,3,0.25,137.90,0.00
104.18.151.134,4,3,0.25,140.53,0.00
104.19.48.39,4,3,0.25,140.91,0.00
104.17.204.204,4,3,0.25,147.75,0.00
104.17.49.35,4,3,0.25,149.87,0.00
104.16.252.168,4,3,0.25,151.13,0.00
104.16.32.3,4,3,0.25,154.45,0.00
104.16.63.99,4,3,0.25,154.78,0.00
104.17.58.94,4,3,0.25,154.81,0.00
104.19.145.56,4,3,0.25,155.20,0.00
104.21.237.201,4,3,0.25,155.61,0.00
104.21.236.204,4,3,0.25,155.66,0.00
104.16.203.164,4,3,0.25,155.77,0.00
104.21.231.121,4,3,0.25,156.52,0.00
104.16.59.150,4,3,0.25,156.72,0.00
104.21.238.51,4,3,0.25,156.95,0.00
104.21.226.196,4,3,0.25,157.27,0.00
104.19.174.186,4,3,0.25,157.78,0.00
104.16.62.57,4,3,0.25,158.00,0.00
104.16.2.28,4,3,0.25,158.00,0.00
172.65.36.58,4,3,0.25,158.40,0.00
104.21.232.41,4,3,0.25,158.52,0.00
104.16.58.43,4,3,0.25,158.86,0.00
104.16.60.163,4,3,0.25,158.91,0.00
104.21.234.21,4,3,0.25,159.16,0.00
104.21.239.231,4,3,0.25,159.26,0.00
104.16.45.209,4,3,0.25,159.74,0.00
104.21.229.67,4,3,0.25,159.96,0.00
104.22.57.147,4,3,0.25,160.26,0.00
104.17.233.88,4,3,0.25,160.72,0.00
104.21.21.82,4,3,0.25,161.24,0.00
104.19.149.31,4,3,0.25,161.37,0.00
104.16.61.41,4,3,0.25,161.93,0.00
104.22.58.174,4,3,0.25,162.34,0.00
104.21.19.250,4,3,0.25,162.73,0.00
104.22.61.225,4,3,0.25,162.89,0.00
104.21.224.222,4,3,0.25,163.76,0.00
104.22.63.149,4,3,0.25,164.06,0.00
104.17.230.158,4,3,0.25,164.71,0.00
104.17.161.247,4,3,0.25,165.06,0.00
104.22.51.100,4,3,0.25,165.83,0.00
104.21.30.125,4,3,0.25,166.36,0.00
104.22.62.219,4,3,0.25,166.53,0.00
104.22.54.69,4,3,0.25,166.95,0.00
104.16.51.4,4,3,0.25,167.21,0.00
104.19.147.137,4,3,0.25,167.53,0.00
104.18.27.233,4,3,0.25,169.08,0.00
104.22.49.0,4,3,0.25,169.24,0.00
104.18.26.165,4,3,0.25,169.57,0.00
104.22.48.109,4,3,0.25,169.77,0.00
104.18.211.7,4,3,0.25,170.13,0.00
104.21.20.231,4,3,0.25,170.33,0.00
104.17.83.150,4,3,0.25,170.78,0.00
104.22.6.214,4,3,0.25,170.89,0.00
104.18.204.193,4,3,0.25,171.88,0.00
104.16.91.140,4,3,0.25,172.15,0.00
104.17.93.219,4,3,0.25,172.16,0.00
104.16.78.48,4,3,0.25,172.17,0.00
104.16.87.184,4,3,0.25,172.32,0.00
104.18.192.177,4,3,0.25,172.49,0.00
104.18.30.106,4,3,0.25,172.54,0.00
104.20.3.80,4,3,0.25,172.67,0.00
104.17.81.100,4,3,0.25,172.87,0.00
104.18.25.173,4,3,0.25,172.95,0.00
104.16.92.99,4,3,0.25,173.02,0.00
104.16.81.214,4,3,0.25,173.07,0.00
104.16.69.25,4,3,0.25,173.11,0.00
104.16.28.16,4,3,0.25,173.16,0.00
104.18.255.234,4,3,0.25,173.23,0.00
104.25.35.54,4,3,0.25,173.33,0.00
104.25.66.104,4,3,0.25,173.38,0.00
104.16.20.39,4,3,0.25,173.42,0.00
104.27.199.74,4,3,0.25,173.47,0.00
104.21.62.91,4,3,0.25,173.47,0.00
104.21.31.42,4,3,0.25,173.57,0.00
104.16.16.118,4,3,0.25,174.06,0.00
104.16.17.22,4,3,0.25,174.13,0.00
104.21.66.34,4,3,0.25,174.17,0.00
104.22.35.21,4,3,0.25,174.44,0.00
104.16.79.190,4,3,0.25,174.59,0.00
104.25.57.74,4,3,0.25,174.65,0.00
104.16.80.29,4,3,0.25,174.71,0.00
104.23.96.163,4,3,0.25,174.72,0.00
104.16.89.192,4,3,0.25,174.92,0.00
104.16.112.163,4,3,0.25,174.96,0.00
104.17.88.83,4,3,0.25,174.96,0.00
104.25.62.168,4,3,0.25,175.03,0.00
104.16.71.75,4,3,0.25,175.11,0.00
104.17.82.193,4,3,0.25,175.12,0.00
104.19.13.227,4,3,0.25,175.18,0.00
104.21.73.86,4,3,0.25,175.31,0.00
104.25.1.198,4,3,0.25,175.34,0.00
104.17.86.192,4,3,0.25,175.36,0.00
104.17.87.241,4,3,0.25,175.42,0.00
104.21.197.145,4,3,0.25,175.43,0.00
104.16.85.71,4,3,0.25,175.44,0.00
104.16.27.174,4,3,0.25,175.44,0.00
104.21.208.188,4,3,0.25,175.45,0.00
104.19.0.152,4,3,0.25,175.45,0.00
104.21.64.235,4,3,0.25,175.48,0.00
104.21.90.189,4,3,0.25,175.55,0.00
104.16.24.172,4,3,0.25,175.79,0.00
104.23.107.93,4,3,0.25,175.80,0.00
104.16.86.46,4,3,0.25,176.00,0.00
104.16.70.115,4,3,0.25,176.06,0.00
104.16.29.217,4,3,0.25,176.15,0.00
104.21.106.60,4,3,0.25,176.23,0.00
104.20.215.74,4,3,0.25,176.28,0.00
104.16.66.130,4,3,0.25,176.35,0.00
104.25.117.198,4,3,0.25,176.36,0.00
104.25.154.218,4,3,0.25,176.37,0.00
104.25.5.89,4,3,0.25,176.46,0.00
104.24.240.93,4,3,0.25,176.48,0.00
104.16.72.184,4,3,0.25,176.54,0.00
104.21.202.221,4,3,0.25,176.58,0.00
104.24.3.205,4,3,0.25,176.61,0.00
104.24.69.241,4,3,0.25,176.62,0.00
104.23.135.232,4,3,0.25,176.65,0.00
104.23.131.81,4,3,0.25,176.74,0.00
104.17.84.233,4,3,0.25,176.74,0.00
104.17.78.149,4,3,0.25,176.85,0.00
104.25.140.111,4,3,0.25,176.87,0.00
104.20.227.35,4,3,0.25,176.89,0.00
104.21.211.97,4,3,0.25,176.94,0.00
104.21.67.111,4,3,0.25,176.96,0.00
104.21.69.253,4,3,0.25,177.00,0.00
104.25.15.120,4,3,0.25,177.08,0.00
104.25.223.208,4,3,0.25,177.13,0.00
104.25.3.73,4,3,0.25,177.14,0.00
104.24.213.74,4,3,0.25,177.21,0.00
104.24.214.68,4,3,0.25,177.24,0.00
104.24.253.156,4,3,0.25,177.26,0.00
104.17.80.252,4,3,0.25,177.31,0.00
104.25.55.107,4,3,0.25,177.31,0.00
104.21.209.8,4,3,0.25,177.33,0.00
104.17.54.27,4,3,0.25,177.34,0.00
162.159.239.56,4,3,0.25,177.37,0.00
104.17.85.77,4,3,0.25,177.38,0.00
104.22.33.100,4,3,0.25,177.52,0.00
104.19.183.213,4,3,0.25,177.58,0.00
104.23.121.144,4,3,0.25,177.70,0.00
104.23.100.86,4,3,0.25,177.72,0.00
104.25.22.160,4,3,0.25,177.76,0.00
104.16.22.190,4,3,0.25,177.80,0.00
104.21.212.199,4,3,0.25,177.81,0.00
104.19.101.182,4,3,0.25,177.86,0.00
104.21.99.49,4,3,0.25,177.90,0.00
104.18.200.219,4,3,0.25,177.90,0.00
104.16.64.206,4,3,0.25,178.02,0.00
104.16.250.238,4,3,0.25,178.02,0.00
104.18.103.161,4,3,0.25,178.06,0.00
104.20.6.213,4,3,0.25,178.12,0.00
104.16.25.229,4,3,0.25,178.14,0.00
104.16.73.51,4,3,0.25,178.21,0.00
104.23.129.152,4,3,0.25,178.26,0.00
104.24.189.180,4,3,0.25,178.27,0.00
104.18.105.22,4,3,0.25,178.34,0.00
104.18.194.53,4,3,0.25,178.35,0.00
162.159.250.213,4,3,0.25,178.38,0.00
104.24.252.12,4,3,0.25,178.53,0.00
104.18.198.54,4,3,0.25,178.54,0.00
104.22.66.72,4,3,0.25,178.57,0.00
104.25.203.115,4,3,0.25,178.59,0.00
104.24.177.169,4,3,0.25,178.61,0.00
104.18.201.225,4,3,0.25,178.67,0.00
104.24.248.33,4,3,0.25,178.67,0.00
104.18.193.175,4,3,0.25,178.68,0.00
104.18.210.186,4,3,0.25,178.72,0.00
104.24.243.190,4,3,0.25,178.78,0.00
104.20.206.66,4,3,0.25,178.85,0.00
162.159.241.47,4,3,0.25,178.86,0.00
104.17.50.148,4,3,0.25,178.90,0.00
104.21.98.171,4,3,0.25,178.94,0.00
104.18.104.19,4,3,0.25,178.97,0.00
104.25.47.155,4,3,0.25,178.98,0.00
104.18.140.69,4,3,0.25,178.98,0.00
104.18.138.49,4,3,0.25,179.04,0.00
104.17.92.55,4,3,0.25,179.06,0.00
104.20.97.21,4,3,0.25,179.08,0.00
104.23.143.23,4,3,0.25,179.08,0.00
104.23.141.82,4,3,0.25,179.09,0.00
104.16.26.33,4,3,0.25,179.16,0.00
104.25.78.140,4,3,0.25,179.24,0.00
104.16.74.37,4,3,0.25,179.25,0.00
104.24.160.252,4,3,0.25,179.28,0.00
104.16.90.139,4,3,0.25,179.31,0.00
104.25.187.59,4,3,0.25,179.40,0.00
104.18.195.44,4,3,0.25,179.41,0.00
104.22.72.28,4,3,0.25,179.50,0.00
104.16.76.156,4,3,0.25,179.51,0.00
104.23.142.143,4,3,0.25,179.54,0.00
104.20.96.75,4,3,0.25,179.55,0.00
104.25.193.80,4,3,0.25,179.55,0.00
104.18.199.236,4,3,0.25,179.56,0.00
104.17.55.138,4,3,0.25,179.59,0.00
104.21.213.21,4,3,0.25,179.62,0.00
104.25.14.200,4,3,0.25,179.66,0.00
104.17.79.141,4,3,0.25,179.67,0.00
104.25.43.172,4,3,0.25,179.72,0.00
104.21.107.61,4,3,0.25,179.73,0.00
104.25.64.107,4,3,0.25,179.74,0.00
104.20.86.193,4,3,0.25,179.80,0.00
104.25.136.167,4,3,0.25,179.82,0.00
104.22.67.20,4,3,0.25,179.84,0.00
104.16.31.66,4,3,0.25,179.87,0.00
104.25.16.175,4,3,0.25,179.90,0.00
104.17.77.75,4,3,0.25,179.99,0.00
104.16.77.23,4,3,0.25,180.00,0.00
104.24.181.28,4,3,0.25,180.08,0.00
104.21.217.65,4,3,0.25,180.08,0.00
104.16.75.155,4,3,0.25,180.09,0.00
104.17.91.130,4,3,0.25,180.20,0.00
104.16.23.57,4,3,0.25,180.22,0.00
104.25.26.73,4,3,0.25,180.24,0.00
104.16.94.130,4,3,0.25,180.31,0.00
104.24.168.59,4,3,0.25,180.35,0.00
104.20.212.110,4,3,0.25,180.43,0.00
104.21.216.154,4,3,0.25,180.45,0.00
104.18.137.72,4,3,0.25,180.46,0.00
104.20.211.254,4,3,0.25,180.47,0.00
104.18.99.10,4,3,0.25,180.48,0.00
104.24.130.133,4,3,0.25,180.49,0.00
104.20.89.17,4,3,0.25,180.56,0.00
104.16.65.27,4,3,0.25,180.60,0.00
104.25.56.7,4,3,0.25,180.62,0.00
104.21.218.162,4,3,0.25,180.62,0.00
104.16.68.203,4,3,0.25,180.69,0.00
104.17.19.195,4,3,0.25,180.71,0.00
104.18.100.157,4,3,0.25,180.73,0.00
162.159.253.57,4,3,0.25,180.75,0.00
104.18.133.64,4,3,0.25,180.98,0.00
172.65.27.134,4,3,0.25,180.99,0.00
104.16.83.114,4,3,0.25,181.02,0.00
104.23.97.123,4,3,0.25,181.05,0.00
104.25.8.134,4,3,0.25,181.12,0.00
104.19.31.58,4,3,0.25,181.18,0.00
104.19.25.115,4,3,0.25,181.29,0.00
104.16.95.55,4,3,0.25,181.31,0.00
104.16.88.190,4,3,0.25,181.31,0.00
104.25.159.60,4,3,0.25,181.33,0.00
104.19.103.221,4,3,0.25,181.36,0.00
104.23.110.134,4,3,0.25,181.43,0.00
104.19.9.15,4,3,0.25,181.48,0.00
104.21.207.186,4,3,0.25,181.53,0.00
104.25.49.121,4,3,0.25,181.54,0.00
104.24.212.219,4,3,0.25,181.57,0.00
104.25.31.234,4,3,0.25,181.67,0.00
104.16.84.125,4,3,0.25,181.68,0.00
104.25.60.201,4,3,0.25,181.73,0.00
104.19.83.65,4,3,0.25,181.74,0.00
104.20.217.188,4,3,0.25,181.76,0.00
104.17.48.184,4,3,0.25,181.77,0.00
104.16.18.240,4,3,0.25,181.86,0.00
104.16.30.54,4,3,0.25,181.92,0.00
104.21.63.95,4,3,0.25,181.98,0.00
162.159.247.135,4,3,0.25,182.07,0.00
104.24.163.89,4,3,0.25,182.09,0.00
104.24.203.71,4,3,0.25,182.11,0.00
104.18.213.42,4,3,0.25,182.18,0.00
104.17.89.209,4,3,0.25,182.21,0.00
104.18.129.109,4,3,0.25,182.21,0.00
104.24.235.149,4,3,0.25,182.24,0.00
104.27.8.174,4,3,0.25,182.25,0.00
104.27.194.254,4,3,0.25,182.28,0.00
104.21.114.160,4,3,0.25,182.31,0.00
104.21.116.160,4,3,0.25,182.34,0.00
104.21.215.93,4,3,0.25,182.40,0.00
104.21.204.91,4,3,0.25,182.45,0.00
104.24.211.241,4,3,0.25,182.52,0.00
104.24.60.207,4,3,0.25,182.63,0.00
104.24.162.30,4,3,0.25,182.66,0.00
104.20.214.24,4,3,0.25,182.73,0.00
162.159.244.85,4,3,0.25,182.82,0.00
104.25.17.49,4,3,0.25,182.85,0.00
104.20.225.174,4,3,0.25,182.92,0.00
104.20.216.53,4,3,0.25,182.95,0.00
104.18.130.5,4,3,0.25,182.96,0.00
162.159.242.83,4,3,0.25,182.96,0.00
104.18.136.222,4,3,0.25,182.97,0.00
172.64.80.192,4,3,0.25,183.01,0.00
104.25.52.191,4,3,0.25,183.30,0.00
104.16.82.180,4,3,0.25,183.38,0.00
104.22.71.115,4,3,0.25,183.39,0.00
162.159.246.110,4,3,0.25,183.42,0.00
162.159.249.96,4,3,0.25,183.48,0.00
104.18.98.105,4,3,0.25,183.48,0.00
162.159.255.240,4,3,0.25,183.49,0.00
104.19.29.122,4,3,0.25,183.52,0.00
104.21.113.72,4,3,0.25,183.74,0.00
104.19.122.212,4,3,0.25,183.79,0.00
104.20.95.43,4,3,0.25,183.80,0.00
104.19.16.126,4,3,0.25,183.82,0.00
104.20.172.213,4,3,0.25,183.89,0.00
162.159.245.185,4,3,0.25,183.91,0.00
104.24.223.206,4,3,0.25,184.04,0.00
104.20.221.27,4,3,0.25,184.31,0.00
104.25.74.130,4,3,0.25,184.34,0.00
104.23.111.130,4,3,0.25,184.42,0.00
104.25.50.247,4,3,0.25,184.47,0.00
104.25.58.173,4,3,0.25,184.52,0.00
104.19.89.20,4,3,0.25,184.61,0.00
104.19.86.237,4,3,0.25,184.64,0.00
104.18.132.132,4,3,0.25,184.75,0.00
104.21.72.146,4,3,0.25,184.81,0.00
104.23.105.61,4,3,0.25,184.85,0.00
162.159.207.4,4,3,0.25,185.09,0.00
104.19.119.126,4,3,0.25,185.28,0.00
104.19.17.200,4,3,0.25,185.44,0.00
104.22.68.188,4,3,0.25,185.47,0.00
104.18.97.152,4,3,0.25,185.67,0.00
104.20.91.16,4,3,0.25,185.71,0.00
162.159.240.112,4,3,0.25,185.71,0.00
104.16.67.1,4,3,0.25,185.71,0.00
162.159.243.14,4,3,0.25,185.80,0.00
104.17.90.207,4,3,0.25,185.91,0.00
104.25.151.31,4,3,0.25,185.92,0.00
104.20.73.215,4,3,0.25,185.93,0.00
104.18.131.155,4,3,0.25,186.26,0.00
104.24.254.85,4,3,0.25,186.31,0.00
104.20.229.119,4,3,0.25,186.53,0.00
104.16.93.84,4,3,0.25,186.85,0.00
104.19.252.125,4,3,0.25,186.85,0.00
104.24.91.142,4,3,0.25,186.89,0.00
104.20.220.68,4,3,0.25,187.04,0.00
104.22.25.163,4,3,0.25,187.04,0.00
162.159.254.152,4,3,0.25,187.07,0.00
104.21.102.204,4,3,0.25,187.43,0.00
104.19.30.31,4,3,0.25,187.53,0.00
104.24.218.139,4,3,0.25,187.61,0.00
162.159.252.3,4,3,0.25,187.72,0.00
104.23.122.190,4,3,0.25,187.95,0.00
162.159.251.235,4,3,0.25,187.97,0.00
162.159.248.6,4,3,0.25,188.15,0.00
104.18.107.179,4,3,0.25,189.92,0.00
104.21.92.21,4,3,0.25,189.93,0.00
104.25.32.3,4,3,0.25,190.15,0.00
104.20.15.49,4,3,0.25,190.62,0.00
104.19.192.29,4,3,0.25,190.69,0.00
104.22.22.177,4,3,0.25,190.98,0.00
104.21.125.239,4,3,0.25,191.34,0.00
104.16.40.211,4,3,0.25,191.36,0.00
104.23.108.115,4,3,0.25,191.63,0.00
104.19.68.203,4,3,0.25,191.69,0.00
104.20.228.60,4,3,0.25,191.97,0.00
104.20.224.28,4,3,0.25,192.19,0.00
104.18.32.254,4,3,0.25,192.53,0.00
104.19.107.153,4,3,0.25,192.55,0.00
104.20.249.234,4,3,0.25,193.91,0.00
104.16.34.46,4,3,0.25,194.00,0.00
104.20.219.203,4,3,0.25,194.12,0.00
104.21.34.186,4,3,0.25,194.55,0.00
104.16.36.10,4,3,0.25,195.19,0.00
104.16.41.229,4,3,0.25,195.97,0.00
198.41.223.238,4,3,0.25,196.45,0.00
104.20.117.54,4,3,0.25,197.54,0.00
104.24.84.84,4,3,0.25,198.86,0.00
104.20.114.236,4,3,0.25,199.68,0.00
104.24.49.106,4,3,0.25,199.88,0.00
104.20.208.233,4,3,0.25,200.38,0.00
104.20.243.30,4,3,0.25,200.67,0.00
104.20.232.238,4,3,0.25,200.91,0.00
104.19.28.124,4,3,0.25,200.97,0.00
198.41.217.224,4,3,0.25,201.48,0.00
104.20.230.92,4,3,0.25,202.10,0.00
104.20.250.57,4,3,0.25,202.61,0.00
198.41.216.86,4,3,0.25,202.74,0.00
198.41.222.110,4,3,0.25,202.80,0.00
104.20.237.45,4,3,0.25,202.92,0.00
104.20.248.239,4,3,0.25,203.17,0.00
104.20.235.28,4,3,0.25,203.21,0.00
104.21.100.77,4,3,0.25,203.25,0.00
104.21.108.115,4,3,0.25,203.40,0.00
104.20.179.36,4,3,0.25,203.63,0.00
104.24.78.48,4,3,0.25,203.85,0.00
104.24.79.84,4,3,0.25,204.11,0.00
198.41.218.205,4,3,0.25,204.51,0.00
104.24.31.247,4,3,0.25,204.64,0.00
104.24.40.50,4,3,0.25,204.66,0.00
104.24.38.150,4,3,0.25,204.79,0.00
104.20.240.93,4,3,0.25,205.12,0.00
104.24.85.50,4,3,0.25,206.10,0.00
104.24.42.172,4,3,0.25,206.31,0.00
104.24.171.211,4,3,0.25,206.81,0.00
104.24.63.62,4,3,0.25,207.06,0.00
104.24.18.83,4,3,0.25,207.88,0.00
104.19.24.99,4,3,0.25,208.47,0.00
104.24.57.50,4,3,0.25,208.60,0.00
104.24.20.29,4,3,0.25,208.62,0.00
104.19.131.189,4,3,0.25,208.83,0.00
104.24.72.184,4,3,0.25,209.37,0.00
104.16.217.126,4,3,0.25,209.99,0.00
104.24.74.171,4,3,0.25,210.55,0.00
104.24.76.162,4,3,0.25,211.11,0.00
104.24.46.218,4,3,0.25,211.20,0.00
104.24.65.108,4,3,0.25,211.69,0.00
104.24.55.189,4,3,0.25,212.25,0.00
104.17.14.54,4,3,0.25,212.55,0.00
104.24.13.249,4,3,0.25,214.34,0.00
104.16.220.2,4,3,0.25,214.69,0.00
104.19.132.174,4,3,0.25,215.10,0.00
104.24.64.221,4,3,0.25,215.59,0.00
104.20.108.80,4,3,0.25,215.93,0.00
104.19.136.224,4,3,0.25,216.34,0.00
104.20.178.246,4,3,0.25,218.08,0.00
104.16.185.48,4,3,0.25,219.04,0.00
104.24.58.38,4,3,0.25,222.21,0.00
104.16.167.223,4,3,0.25,222.33,0.00
104.16.99.192,4,3,0.25,223.07,0.00
104.16.130.135,4,3,0.25,223.93,0.00
104.21.76.149,4,3,0.25,224.64,0.00
104.24.48.183,4,3,0.25,226.09,0.00
104.18.112.117,4,3,0.25,227.12,0.00
104.18.127.21,4,3,0.25,227.13,0.00
104.19.18.124,4,3,0.25,228.31,0.00
104.16.105.96,4,3,0.25,229.40,0.00
104.20.14.120,4,3,0.25,230.70,0.00
104.16.108.57,4,3,0.25,231.24,0.00
104.16.107.82,4,3,0.25,231.84,0.00
162.159.153.166,4,3,0.25,231.85,0.00
104.16.106.75,4,3,0.25,231.98,0.00
104.16.221.200,4,3,0.25,233.49,0.00
104.25.118.21,4,3,0.25,233.88,0.00
104.25.116.145,4,3,0.25,235.20,0.00
104.20.16.222,4,3,0.25,235.87,0.00
104.20.7.194,4,3,0.25,236.19,0.00
104.19.133.213,4,3,0.25,237.04,0.00
104.25.97.62,4,3,0.25,238.82,0.00
104.20.50.99,4,3,0.25,239.65,0.00
104.17.3.60,4,3,0.25,240.35,0.00
104.20.51.184,4,3,0.25,240.78,0.00
104.21.42.211,4,3,0.25,240.92,0.00
104.20.12.157,4,3,0.25,241.77,0.00
104.19.23.215,4,3,0.25,241.90,0.00
104.25.89.90,4,3,0.25,242.71,0.00
104.25.88.48,4,3,0.25,242.87,0.00
104.20.56.59,4,3,0.25,243.04,0.00
104.19.27.252,4,3,0.25,243.49,0.00
104.25.229.80,4,3,0.25,244.88,0.00
104.20.245.177,4,3,0.25,246.42,0.00
104.20.141.147,4,3,0.25,247.06,0.00
104.16.189.23,4,3,0.25,247.19,0.00
104.20.139.1,4,3,0.25,247.85,0.00
104.17.42.82,4,3,0.25,248.85,0.00
104.25.86.28,4,3,0.25,253.02,0.00
104.16.184.122,4,3,0.25,253.15,0.00
104.25.225.137,4,3,0.25,254.37,0.00
104.20.10.122,4,3,0.25,262.72,0.00
104.25.219.252,4,3,0.25,263.85,0.00
104.17.38.187,4,3,0.25,265.15,0.00
104.20.9.165,4,3,0.25,265.54,0.00
104.20.120.139,4,3,0.25,265.96,0.00
104.20.5.64,4,3,0.25,266.41,0.00
104.20.4.108,4,3,0.25,268.82,0.00
104.19.134.211,4,3,0.25,272.75,0.00
104.20.20.104,4,3,0.25,274.17,0.00
104.20.24.230,4,3,0.25,278.36,0.00
104.16.229.198,4,3,0.25,283.34,0.00
104.20.8.183,4,3,0.25,299.69,0.00
104.19.129.249,4,3,0.25,303.12,0.00
104.17.43.70,4,3,0.25,303.92,0.00
104.19.128.48,4,3,0.25,306.48,0.00
104.19.130.185,4,3,0.25,306.78,0.00
162.159.203.144,4,3,0.25,308.04,0.00
104.17.46.188,4,3,0.25,309.94,0.00
104.16.228.182,4,3,0.25,310.04,0.00
104.17.2.148,4,3,0.25,310.49,0.00
104.16.237.92,4,3,0.25,311.20,0.00
104.17.39.178,4,3,0.25,312.49,0.00
104.25.246.159,4,2,0.50,21.31,0.00
104.17.205.210,4,2,0.50,22.83,0.00
104.25.252.20,4,2,0.50,25.78,0.00
104.25.241.234,4,2,0.50,26.11,0.00
104.18.191.71,4,2,0.50,26.97,0.00
104.25.253.56,4,2,0.50,29.06,0.00
104.18.238.152,4,2,0.50,31.81,0.00
104.17.130.66,4,2,0.50,32.68,0.00
104.17.132.128,4,2,0.50,35.18,0.00
104.17.128.92,4,2,0.50,37.46,0.00
104.17.134.86,4,2,0.50,37.67,0.00
104.17.201.35,4,2,0.50,39.03,0.00
104.17.135.254,4,2,0.50,39.24,0.00
104.18.180.142,4,2,0.50,40.68,0.00
104.17.199.170,4,2,0.50,40.73,0.00
104.17.196.74,4,2,0.50,40.75,0.00
104.19.50.170,4,2,0.50,44.04,0.00
104.17.129.48,4,2,0.50,48.17,0.00
104.19.57.45,4,2,0.50,52.21,0.00
104.18.146.53,4,2,0.50,54.04,0.00
104.19.52.156,4,2,0.50,55.16,0.00
104.19.53.87,4,2,0.50,55.94,0.00
104.19.46.74,4,2,0.50,59.46,0.00
104.19.55.69,4,2,0.50,65.02,0.00
104.18.229.200,4,2,0.50,68.40,0.00
104.19.45.137,4,2,0.50,72.38,0.00
104.18.89.250,4,2,0.50,74.19,0.00
104.19.49.3,4,2,0.50,77.75,0.00
104.17.119.121,4,2,0.50,80.62,0.00
104.16.195.209,4,2,0.50,80.90,0.00
104.19.157.194,4,2,0.50,81.76,0.00
104.17.177.115,4,2,0.50,83.79,0.00
104.17.121.76,4,2,0.50,84.68,0.00
104.19.156.59,4,2,0.50,85.47,0.00
172.64.144.193,4,2,0.50,85.61,0.00
104.18.68.0,4,2,0.50,87.24,0.00
104.17.181.133,4,2,0.50,89.38,0.00
104.18.86.76,4,2,0.50,89.91,0.00
104.17.125.201,4,2,0.50,91.22,0.00
104.19.155.195,4,2,0.50,91.92,0.00
104.19.158.165,4,2,0.50,92.39,0.00
104.17.212.76,4,2,0.50,92.42,0.00
104.19.150.75,4,2,0.50,93.02,0.00
104.16.11.70,4,2,0.50,93.10,0.00
104.18.92.179,4,2,0.50,93.99,0.00
104.19.154.78,4,2,0.50,94.05,0.00
104.17.172.247,4,2,0.50,94.27,0.00
104.17.170.60,4,2,0.50,94.97,0.00
104.16.10.193,4,2,0.50,95.51,0.00
104.18.84.27,4,2,0.50,95.71,0.00
104.17.175.10,4,2,0.50,96.06,0.00
104.18.224.207,4,2,0.50,97.09,0.00
104.18.45.86,4,2,0.50,97.55,0.00
104.17.190.109,4,2,0.50,98.86,0.00
104.16.156.85,4,2,0.50,99.75,0.00
104.19.153.62,4,2,0.50,100.24,0.00
104.17.188.179,4,2,0.50,100.90,0.00
104.16.198.71,4,2,0.50,100.96,0.00
104.19.152.161,4,2,0.50,102.21,0.00
104.16.146.67,4,2,0.50,102.55,0.00
104.17.116.198,4,2,0.50,102.71,0.00
104.18.226.22,4,2,0.50,102.78,0.00
104.18.225.233,4,2,0.50,102.95,0.00
104.16.158.153,4,2,0.50,102.99,0.00
104.17.117.252,4,2,0.50,103.32,0.00
104.17.208.97,4,2,0.50,103.99,0.00
104.16.151.122,4,2,0.50,104.03,0.00
104.19.210.31,4,2,0.50,104.45,0.00
104.17.185.19,4,2,0.50,104.60,0.00
104.17.120.112,4,2,0.50,105.02,0.00
104.16.147.15,4,2,0.50,105.12,0.00
104.16.200.69,4,2,0.50,105.63,0.00
104.17.193.92,4,2,0.50,105.80,0.00
104.16.199.233,4,2,0.50,106.11,0.00
104.17.51.245,4,2,0.50,107.14,0.00
104.16.148.122,4,2,0.50,107.79,0.00
104.16.253.78,4,2,0.50,108.31,0.00
104.17.168.19,4,2,0.50,108.70,0.00
104.16.144.30,4,2,0.50,108.77,0.00
104.17.198.76,4,2,0.50,109.54,0.00
104.16.152.66,4,2,0.50,109.91,0.00
104.17.223.155,4,2,0.50,110.47,0.00
104.18.237.114,4,2,0.50,113.39,0.00
104.18.81.99,4,2,0.50,114.75,0.00
104.17.113.226,4,2,0.50,116.34,0.00
104.19.151.221,4,2,0.50,116.39,0.00
104.16.155.109,4,2,0.50,116.82,0.00
104.17.110.146,4,2,0.50,117.00,0.00
104.19.159.26,4,2,0.50,117.13,0.00
104.16.4.71,4,2,0.50,119.36,0.00
104.17.136.23,4,2,0.50,119.57,0.00
104.17.137.247,4,2,0.50,119.92,0.00
104.18.82.108,4,2,0.50,120.10,0.00
104.18.67.85,4,2,0.50,123.07,0.00
104.18.47.192,4,2,0.50,123.91,0.00
104.18.44.172,4,2,0.50,125.20,0.00
104.18.227.161,4,2,0.50,125.46,0.00
104.18.145.40,4,2,0.50,126.37,0.00
104.17.187.228,4,2,0.50,129.45,0.00
104.19.220.35,4,2,0.50,132.13,0.00
104.19.61.121,4,2,0.50,142.15,0.00
104.17.152.205,4,2,0.50,146.38,0.00
104.19.173.10,4,2,0.50,155.09,0.00
104.18.1.19,4,2,0.50,155.62,0.00
104.19.60.83,4,2,0.50,155.79,0.00
172.67.148.128,4,2,0.50,155.82,0.00
104.26.2.136,4,2,0.50,155.99,0.00
172.66.40.101,4,2,0.50,156.10,0.00
172.67.75.228,4,2,0.50,156.21,0.00
104.19.170.59,4,2,0.50,156.95,0.00
104.22.50.144,4,2,0.50,157.63,0.00
104.22.59.247,4,2,0.50,158.62,0.00
104.18.10.100,4,2,0.50,158.92,0.00
104.21.235.1,4,2,0.50,159.17,0.00
104.17.241.23,4,2,0.50,159.88,0.00
104.21.233.180,4,2,0.50,160.09,0.00
104.18.189.250,4,2,0.50,160.23,0.00
104.16.15.44,4,2,0.50,160.67,0.00
104.17.229.180,4,2,0.50,161.59,0.00
104.19.169.75,4,2,0.50,163.59,0.00
104.18.4.177,4,2,0.50,164.70,0.00
104.17.232.82,4,2,0.50,164.83,0.00
104.21.225.36,4,2,0.50,165.00,0.00
104.21.17.53,4,2,0.50,165.72,0.00
104.19.160.190,4,2,0.50,165.73,0.00
104.19.161.29,4,2,0.50,166.01,0.00
104.21.16.254,4,2,0.50,166.02,0.00
104.19.148.250,4,2,0.50,167.31,0.00
104.19.166.82,4,2,0.50,167.35,0.00
104.19.164.75,4,2,0.50,167.38,0.00
104.19.162.137,4,2,0.50,167.77,0.00
104.18.28.195,4,2,0.50,169.39,0.00
104.19.163.27,4,2,0.50,169.42,0.00
104.18.70.237,4,2,0.50,170.01,0.00
104.19.165.203,4,2,0.50,170.54,0.00
104.19.167.37,4,2,0.50,171.14,0.00
104.18.209.200,4,2,0.50,171.30,0.00
104.18.37.21,4,2,0.50,171.74,0.00
104.21.210.115,4,2,0.50,172.05,0.00
104.19.184.177,4,2,0.50,172.11,0.00
104.25.71.39,4,2,0.50,172.34,0.00
104.24.192.48,4,2,0.50,172.55,0.00
104.25.185.38,4,2,0.50,172.59,0.00
104.21.220.56,4,2,0.50,172.61,0.00
104.21.27.129,4,2,0.50,172.71,0.00
104.21.88.193,4,2,0.50,173.00,0.00
104.16.235.7,4,2,0.50,173.15,0.00
104.21.24.225,4,2,0.50,173.17,0.00
172.65.249.217,4,2,0.50,173.28,0.00
104.25.6.122,4,2,0.50,173.32,0.00
172.65.61.92,4,2,0.50,173.32,0.00
104.25.147.247,4,2,0.50,173.36,0.00
104.25.106.114,4,2,0.50,173.44,0.00
104.25.96.29,4,2,0.50,173.59,0.00
104.21.25.26,4,2,0.50,173.63,0.00
104.25.231.68,4,2,0.50,173.65,0.00
104.21.26.70,4,2,0.50,174.01,0.00
104.27.27.130,4,2,0.50,174.10,0.00
104.24.250.219,4,2,0.50,174.11,0.00
104.22.76.139,4,2,0.50,174.18,0.00
104.27.204.78,4,2,0.50,174.35,0.00
104.17.33.148,4,2,0.50,174.35,0.00
104.27.28.194,4,2,0.50,174.41,0.00
104.20.197.203,4,2,0.50,174.52,0.00
104.24.56.222,4,2,0.50,174.68,0.00
104.20.226.221,4,2,0.50,174.71,0.00
104.25.19.108,4,2,0.50,174.75,0.00
104.25.104.108,4,2,0.50,174.80,0.00
104.24.150.189,4,2,0.50,174.89,0.00
104.25.220.130,4,2,0.50,175.04,0.00
104.24.239.248,4,2,0.50,175.20,0.00
104.24.159.180,4,2,0.50,175.20,0.00
104.27.103.2,4,2,0.50,175.23,0.00
104.27.54.76,4,2,0.50,175.23,0.00
104.17.65.93,4,2,0.50,175.38,0.00
104.21.195.139,4,2,0.50,175.44,0.00
104.21.85.43,4,2,0.50,175.52,0.00
104.22.34.3,4,2,0.50,175.57,0.00
104.25.45.219,4,2,0.50,175.57,0.00
104.25.170.185,4,2,0.50,175.65,0.00
104.24.89.235,4,2,0.50,175.70,0.00
104.24.82.37,4,2,0.50,175.71,0.00
104.21.68.2,4,2,0.50,175.72,0.00
104.25.205.140,4,2,0.50,175.83,0.00
104.19.240.166,4,2,0.50,175.86,0.00
172.67.194.1,4,2,0.50,175.90,0.00
104.21.199.115,4,2,0.50,175.93,0.00
104.25.46.14,4,2,0.50,176.00,0.00
104.25.157.136,4,2,0.50,176.04,0.00
104.24.36.20,4,2,0.50,176.15,0.00
172.67.220.82,4,2,0.50,176.18,0.00
104.20.222.174,4,2,0.50,176.22,0.00
104.21.58.39,4,2,0.50,176.25,0.00
104.25.146.5,4,2,0.50,176.26,0.00
104.27.79.37,4,2,0.50,176.46,0.00
104.20.159.145,4,2,0.50,176.56,0.00
104.22.74.8,4,2,0.50,176.57,0.00
104.21.12.139,4,2,0.50,176.57,0.00
104.24.236.141,4,2,0.50,176.58,0.00
104.21.28.183,4,2,0.50,176.59,0.00
104.16.19.73,4,2,0.50,176.59,0.00
104.18.221.59,4,2,0.50,176.63,0.00
104.24.206.110,4,2,0.50,176.65,0.00
104.20.162.141,4,2,0.50,176.71,0.00
104.25.83.43,4,2,0.50,176.84,0.00
104.22.47.40,4,2,0.50,176.90,0.00
104.22.7.130,4,2,0.50,176.98,0.00
104.27.98.115,4,2,0.50,177.07,0.00
104.27.51.118,4,2,0.50,177.08,0.00
104.24.215.195,4,2,0.50,177.13,0.00
104.19.180.211,4,2,0.50,177.25,0.00
104.25.221.80,4,2,0.50,177.29,0.00
172.64.201.40,4,2,0.50,177.33,0.00
104.18.63.140,4,2,0.50,177.42,0.00
104.19.171.239,4,2,0.50,177.43,0.00
104.25.141.56,4,2,0.50,177.45,0.00
172.67.111.48,4,2,0.50,177.50,0.00
104.21.101.207,4,2,0.50,177.57,0.00
172.66.133.229,4,2,0.50,177.62,0.00
104.24.61.240,4,2,0.50,177.63,0.00
104.25.75.101,4,2,0.50,177.64,0.00
104.25.80.28,4,2,0.50,177.66,0.00
104.19.185.84,4,2,0.50,177.89,0.00
104.21.87.36,4,2,0.50,178.00,0.00
104.18.220.79,4,2,0.50,178.36,0.00
104.25.103.35,4,2,0.50,178.40,0.00
104.25.84.217,4,2,0.50,178.43,0.00
104.20.88.160,4,2,0.50,178.50,0.00
104.16.174.98,4,2,0.50,178.52,0.00
104.21.117.93,4,2,0.50,178.53,0.00
104.21.7.157,4,2,0.50,178.55,0.00
104.24.23.253,4,2,0.50,178.55,0.00
104.19.144.56,4,2,0.50,178.66,0.00
104.20.154.237,4,2,0.50,178.67,0.00
104.19.246.25,4,2,0.50,178.68,0.00
104.27.71.158,4,2,0.50,178.70,0.00
104.24.187.99,4,2,0.50,178.76,0.00
104.21.89.226,4,2,0.50,178.83,0.00
104.22.73.211,4,2,0.50,178.84,0.00
104.22.31.159,4,2,0.50,178.87,0.00
104.20.202.9,4,2,0.50,178.90,0.00
104.20.152.42,4,2,0.50,178.91,0.00
104.21.96.101,4,2,0.50,178.93,0.00
104.25.177.128,4,2,0.50,179.27,0.00
104.25.176.219,4,2,0.50,179.29,0.00
104.25.144.110,4,2,0.50,179.32,0.00
104.24.247.75,4,2,0.50,179.42,0.00
104.27.70.16,4,2,0.50,179.45,0.00
104.24.132.14,4,2,0.50,179.46,0.00
104.25.107.164,4,2,0.50,179.46,0.00
104.18.219.171,4,2,0.50,179.49,0.00
104.25.129.71,4,2,0.50,179.56,0.00
104.21.10.54,4,2,0.50,179.59,0.00
172.65.92.96,4,2,0.50,179.59,0.00
104.27.205.168,4,2,0.50,179.61,0.00
104.25.130.147,4,2,0.50,179.62,0.00
104.18.222.25,4,2,0.50,179.72,0.00
104.19.241.138,4,2,0.50,179.72,0.00
104.24.129.148,4,2,0.50,179.77,0.00
104.21.109.131,4,2,0.50,179.84,0.00
104.18.218.204,4,2,0.50,179.84,0.00
104.22.65.228,4,2,0.50,179.87,0.00
172.65.50.62,4,2,0.50,179.88,0.00
104.21.71.46,4,2,0.50,179.92,0.00
104.27.87.195,4,2,0.50,179.94,0.00
104.19.176.21,4,2,0.50,179.96,0.00
104.21.70.128,4,2,0.50,180.07,0.00
104.24.135.192,4,2,0.50,180.10,0.00
172.64.82.13,4,2,0.50,180.10,0.00
172.65.101.234,4,2,0.50,180.13,0.00
104.25.111.77,4,2,0.50,180.17,0.00
172.67.103.88,4,2,0.50,180.20,0.00
104.20.148.63,4,2,0.50,180.32,0.00
104.18.217.214,4,2,0.50,180.34,0.00
104.25.237.51,4,2,0.50,180.47,0.00
104.25.160.114,4,2,0.50,180.52,0.00
104.25.199.150,4,2,0.50,180.52,0.00
104.25.198.131,4,2,0.50,180.54,0.00
172.66.136.227,4,2,0.50,180.56,0.00
104.24.35.230,4,2,0.50,180.66,0.00
172.65.171.129,4,2,0.50,180.70,0.00
104.23.117.192,4,2,0.50,180.79,0.00
104.25.40.250,4,2,0.50,180.79,0.00
104.24.134.145,4,2,0.50,180.85,0.00
104.25.41.231,4,2,0.50,180.86,0.00
104.24.208.127,4,2,0.50,180.86,0.00
104.21.23.150,4,2,0.50,180.86,0.00
104.27.20.240,4,2,0.50,180.87,0.00
104.24.128.230,4,2,0.50,180.92,0.00
104.25.39.205,4,2,0.50,180.95,0.00
104.21.2.17,4,2,0.50,181.03,0.00
172.64.103.18,4,2,0.50,181.04,0.00
104.21.104.218,4,2,0.50,181.07,0.00
104.27.85.20,4,2,0.50,181.07,0.00
104.24.242.113,4,2,0.50,181.08,0.00
104.24.246.55,4,2,0.50,181.16,0.00
104.27.123.155,4,2,0.50,181.20,0.00
104.27.91.213,4,2,0.50,181.25,0.00
104.18.108.65,4,2,0.50,181.26,0.00
104.27.15.49,4,2,0.50,181.26,0.00
104.21.0.29,4,2,0.50,181.31,0.00
104.27.11.106,4,2,0.50,181.36,0.00
104.21.14.3,4,2,0.50,181.42,0.00
104.27.45.234,4,2,0.50,181.42,0.00
104.24.210.228,4,2,0.50,181.43,0.00
104.27.81.154,4,2,0.50,181.45,0.00
104.27.84.172,4,2,0.50,181.46,0.00
172.64.137.217,4,2,0.50,181.50,0.00
104.21.86.29,4,2,0.50,181.62,0.00
104.25.38.248,4,2,0.50,181.68,0.00
104.25.63.225,4,2,0.50,181.73,0.00
104.24.19.207,4,2,0.50,181.73,0.00
104.18.135.45,4,2,0.50,181.82,0.00
104.18.208.56,4,2,0.50,181.89,0.00
104.24.255.251,4,2,0.50,181.91,0.00
104.20.160.94,4,2,0.50,181.92,0.00
104.21.3.101,4,2,0.50,181.94,0.00
104.25.192.144,4,2,0.50,181.94,0.00
104.20.167.112,4,2,0.50,181.96,0.00
104.19.204.188,4,2,0.50,181.98,0.00
104.24.233.96,4,2,0.50,181.99,0.00
104.24.12.130,4,2,0.50,182.00,0.00
104.20.150.202,4,2,0.50,182.01,0.00
104.24.137.2,4,2,0.50,182.10,0.00
104.23.124.105,4,2,0.50,182.10,0.00
104.20.158.14,4,2,0.50,182.30,0.00
104.18.64.12,4,2,0.50,182.35,0.00
104.19.190.111,4,2,0.50,182.38,0.00
104.20.254.97,4,2,0.50,182.54,0.00
104.24.131.177,4,2,0.50,182.60,0.00
104.25.209.106,4,2,0.50,182.65,0.00
104.25.197.92,4,2,0.50,182.68,0.00
104.22.79.2,4,2,0.50,182.73,0.00
104.24.204.23,4,2,0.50,182.77,0.00
104.20.153.252,4,2,0.50,182.87,0.00
104.23.113.112,4,2,0.50,182.87,0.00
104.24.143.166,4,2,0.50,182.97,0.00
104.25.202.96,4,2,0.50,183.00,0.00
104.25.72.53,4,2,0.50,183.07,0.00
104.20.38.210,4,2,0.50,183.08,0.00
104.24.230.63,4,2,0.50,183.27,0.00
104.18.29.143,4,2,0.50,183.43,0.00
104.24.139.89,4,2,0.50,183.44,0.00
104.20.44.80,4,2,0.50,183.46,0.00
104.19.87.166,4,2,0.50,183.48,0.00
104.20.92.122,4,2,0.50,183.49,0.00
104.20.93.19,4,2,0.50,183.50,0.00
104.27.35.140,4,2,0.50,183.53,0.00
104.20.127.75,4,2,0.50,183.56,0.00
104.25.79.98,4,2,0.50,183.64,0.00
104.20.126.246,4,2,0.50,183.74,0.00
104.20.157.96,4,2,0.50,183.76,0.00
104.20.132.10,4,2,0.50,183.86,0.00
104.18.62.92,4,2,0.50,183.90,0.00
104.24.68.52,4,2,0.50,184.06,0.00
104.25.61.126,4,2,0.50,184.13,0.00
104.24.157.141,4,2,0.50,184.19,0.00
104.20.149.141,4,2,0.50,184.27,0.00
104.24.228.180,4,2,0.50,184.42,0.00
104.24.8.99,4,2,0.50,184.50,0.00
104.25.48.90,4,2,0.50,184.52,0.00
104.17.10.78,4,2,0.50,184.54,0.00
172.64.160.192,4,2,0.50,184.64,0.00
104.19.199.124,4,2,0.50,184.86,0.00
104.18.223.45,4,2,0.50,184.91,0.00
104.19.181.139,4,2,0.50,184.93,0.00
104.23.123.88,4,2,0.50,184.95,0.00
104.25.131.19,4,2,0.50,185.06,0.00
104.19.206.221,4,2,0.50,185.26,0.00
104.24.53.123,4,2,0.50,185.27,0.00
104.19.64.151,4,2,0.50,185.28,0.00
104.24.10.113,4,2,0.50,185.45,0.00
104.25.207.224,4,2,0.50,185.47,0.00
104.21.4.39,4,2,0.50,185.64,0.00
104.22.75.132,4,2,0.50,185.72,0.00
104.25.132.254,4,2,0.50,185.79,0.00
104.24.6.82,4,2,0.50,185.81,0.00
172.64.94.182,4,2,0.50,185.87,0.00
104.18.251.101,4,2,0.50,185.88,0.00
104.27.57.162,4,2,0.50,185.90,0.00
104.21.1.34,4,2,0.50,185.94,0.00
104.20.134.89,4,2,0.50,185.95,0.00
104.25.112.232,4,2,0.50,185.98,0.00
104.20.125.217,4,2,0.50,186.01,0.00
104.21.110.8,4,2,0.50,186.17,0.00
104.21.60.112,4,2,0.50,186.21,0.00
104.24.24.93,4,2,0.50,186.37,0.00
104.24.227.246,4,2,0.50,186.46,0.00
104.22.77.186,4,2,0.50,186.53,0.00
104.20.79.68,4,2,0.50,186.55,0.00
104.21.206.81,4,2,0.50,186.68,0.00
104.20.155.235,4,2,0.50,186.87,0.00
104.21.105.88,4,2,0.50,187.22,0.00
104.21.6.146,4,2,0.50,187.30,0.00
104.25.10.13,4,2,0.50,187.40,0.00
104.18.48.84,4,2,0.50,187.49,0.00
104.17.95.94,4,2,0.50,187.80,0.00
104.24.186.127,4,2,0.50,187.82,0.00
104.24.225.186,4,2,0.50,187.86,0.00
104.24.199.71,4,2,0.50,187.87,0.00
104.24.26.164,4,2,0.50,188.01,0.00
104.21.15.23,4,2,0.50,188.10,0.00
104.18.55.244,4,2,0.50,188.18,0.00
172.64.165.155,4,2,0.50,188.29,0.00
104.18.41.125,4,2,0.50,188.32,0.00
104.20.182.183,4,2,0.50,188.42,0.00
104.17.162.228,4,2,0.50,188.42,0.00
104.27.193.210,4,2,0.50,188.57,0.00
104.20.166.119,4,2,0.50,188.72,0.00
104.20.161.154,4,2,0.50,188.77,0.00
104.17.203.22,4,2,0.50,188.81,0.00
104.21.11.242,4,2,0.50,188.85,0.00
104.27.48.68,4,2,0.50,188.93,0.00
104.20.74.240,4,2,0.50,189.07,0.00
104.18.216.169,4,2,0.50,189.30,0.00
104.24.196.96,4,2,0.50,189.41,0.00
104.21.8.46,4,2,0.50,189.84,0.00
104.20.231.135,4,2,0.50,190.09,0.00
104.20.174.48,4,2,0.50,190.13,0.00
104.20.183.182,4,2,0.50,190.30,0.00
104.20.64.72,4,2,0.50,190.30,0.00
104.18.31.140,4,2,0.50,190.34,0.00
104.24.194.212,4,2,0.50,190.44,0.00
104.27.119.24,4,2,0.50,190.48,0.00
104.18.49.95,4,2,0.50,190.66,0.00
104.17.94.163,4,2,0.50,191.87,0.00
104.20.147.219,4,2,0.50,192.19,0.00
104.20.177.170,4,2,0.50,192.31,0.00
104.20.42.138,4,2,0.50,192.32,0.00
104.25.81.94,4,2,0.50,192.71,0.00
104.20.169.156,4,2,0.50,192.82,0.00
104.20.75.38,4,2,0.50,193.41,0.00
104.20.164.59,4,2,0.50,193.46,0.00
104.21.13.224,4,2,0.50,193.53,0.00
104.18.253.237,4,2,0.50,193.61,0.00
104.24.182.229,4,2,0.50,193.64,0.00
104.22.69.155,4,2,0.50,193.72,0.00
104.21.49.12,4,2,0.50,193.81,0.00
104.20.176.125,4,2,0.50,194.04,0.00
104.19.120.174,4,2,0.50,194.05,0.00
104.20.76.8,4,2,0.50,194.17,0.00
104.24.51.56,4,2,0.50,194.45,0.00
104.20.69.186,4,2,0.50,195.05,0.00
104.21.124.58,4,2,0.50,195.11,0.00
104.20.105.79,4,2,0.50,195.13,0.00
104.20.252.109,4,2,0.50,195.24,0.00
104.20.101.216,4,2,0.50,195.70,0.00
104.20.94.203,4,2,0.50,195.72,0.00
104.24.50.183,4,2,0.50,195.87,0.00
104.20.175.3,4,2,0.50,196.07,0.00
104.20.181.24,4,2,0.50,196.24,0.00
104.20.102.57,4,2,0.50,196.30,0.00
104.21.44.94,4,2,0.50,196.31,0.00
104.16.173.116,4,2,0.50,196.44,0.00
104.20.171.20,4,2,0.50,196.46,0.00
104.18.38.142,4,2,0.50,196.55,0.00
104.20.131.69,4,2,0.50,196.78,0.00
104.18.53.1,4,2,0.50,196.79,0.00
104.20.103.239,4,2,0.50,196.89,0.00
104.20.65.108,4,2,0.50,196.99,0.00
104.20.118.125,4,2,0.50,197.19,0.00
104.20.70.186,4,2,0.50,197.21,0.00
104.20.100.199,4,2,0.50,197.31,0.00
104.21.222.190,4,2,0.50,197.34,0.00
104.24.90.143,4,2,0.50,197.35,0.00
104.20.99.120,4,2,0.50,197.44,0.00
104.19.200.138,4,2,0.50,197.49,0.00
104.20.142.193,4,2,0.50,197.63,0.00
104.20.251.151,4,2,0.50,197.77,0.00
104.20.119.89,4,2,0.50,197.85,0.00
104.20.133.122,4,2,0.50,198.19,0.00
104.20.143.124,4,2,0.50,198.31,0.00
104.20.66.192,4,2,0.50,198.35,0.00
104.20.34.120,4,2,0.50,198.51,0.00
104.20.80.176,4,2,0.50,198.54,0.00
104.20.67.78,4,2,0.50,198.75,0.00
104.18.36.231,4,2,0.50,198.77,0.00
104.20.145.31,4,2,0.50,198.83,0.00
172.64.167.252,4,2,0.50,198.86,0.00
104.20.144.92,4,2,0.50,199.50,0.00
104.20.253.114,4,2,0.50,199.55,0.00
104.18.54.95,4,2,0.50,199.55,0.00
104.24.44.124,4,2,0.50,199.74,0.00
104.21.33.148,4,2,0.50,199.80,0.00
104.20.90.232,4,2,0.50,199.91,0.00
104.25.188.65,4,2,0.50,199.95,0.00
104.20.77.3,4,2,0.50,200.02,0.00
104.21.32.97,4,2,0.50,200.21,0.00
104.24.45.145,4,2,0.50,200.65,0.00
104.20.165.104,4,2,0.50,200.80,0.00
104.24.39.254,4,2,0.50,201.00,0.00
104.20.137.204,4,2,0.50,202.63,0.00
104.20.72.30,4,2,0.50,203.74,0.00
104.20.185.67,4,2,0.50,204.21,0.00
104.20.173.131,4,2,0.50,204.96,0.00
104.20.168.189,4,2,0.50,206.79,0.00
104.25.128.230,4,2,0.50,207.19,0.00
104.20.140.173,4,2,0.50,207.28,0.00
104.20.138.93,4,2,0.50,207.66,0.00
104.21.118.48,4,2,0.50,207.97,0.00
104.19.143.23,4,2,0.50,208.16,0.00
104.20.121.97,4,2,0.50,208.62,0.00
104.24.37.219,4,2,0.50,208.87,0.00
104.24.17.93,4,2,0.50,209.84,0.00
104.20.146.254,4,2,0.50,210.19,0.00
104.20.124.41,4,2,0.50,210.48,0.00
104.20.239.28,4,2,0.50,210.56,0.00
104.20.129.74,4,2,0.50,212.20,0.00
104.24.52.126,4,2,0.50,212.28,0.00
104.20.244.11,4,2,0.50,213.33,0.00
104.24.80.89,4,2,0.50,213.66,0.00
104.20.47.1,4,2,0.50,214.11,0.00
104.20.136.124,4,2,0.50,214.21,0.00
104.20.123.220,4,2,0.50,214.53,0.00
104.20.233.108,4,2,0.50,215.95,0.00
104.19.135.162,4,2,0.50,216.32,0.00
104.24.77.82,4,2,0.50,216.97,0.00
104.24.21.208,4,2,0.50,216.98,0.00
104.20.71.247,4,2,0.50,217.32,0.00
104.20.45.46,4,2,0.50,217.64,0.00
104.24.75.3,4,2,0.50,217.92,0.00
104.20.241.119,4,2,0.50,218.63,0.00
104.20.242.129,4,2,0.50,218.96,0.00
104.20.135.224,4,2,0.50,219.02,0.00
104.20.32.81,4,2,0.50,219.10,0.00
104.20.31.228,4,2,0.50,219.14,0.00
104.20.130.178,4,2,0.50,220.14,0.00
104.26.0.152,4,2,0.50,220.94,0.00
104.20.41.122,4,2,0.50,221.24,0.00
104.23.133.237,4,2,0.50,221.28,0.00
104.20.106.120,4,2,0.50,221.67,0.00
104.20.68.124,4,2,0.50,222.76,0.00
104.24.67.57,4,2,0.50,222.88,0.00
104.24.47.124,4,2,0.50,223.03,0.00
104.16.98.76,4,2,0.50,223.21,0.00
104.25.28.143,4,2,0.50,223.74,0.00
104.20.37.179,4,2,0.50,223.83,0.00
104.16.97.39,4,2,0.50,224.14,0.00
104.20.236.217,4,2,0.50,224.24,0.00
104.24.86.134,4,2,0.50,224.48,0.00
104.20.109.110,4,2,0.50,224.53,0.00
104.24.71.25,4,2,0.50,224.87,0.00
104.24.81.144,4,2,0.50,225.84,0.00
104.20.234.212,4,2,0.50,226.24,0.00
104.20.35.198,4,2,0.50,226.30,0.00
104.16.103.49,4,2,0.50,227.52,0.00
104.16.96.39,4,2,0.50,227.68,0.00
104.16.134.124,4,2,0.50,227.74,0.00
104.20.128.197,4,2,0.50,227.76,0.00
104.18.126.222,4,2,0.50,227.77,0.00
104.16.100.55,4,2,0.50,227.94,0.00
104.20.104.25,4,2,0.50,228.49,0.00
104.24.88.114,4,2,0.50,229.55,0.00
104.16.131.129,4,2,0.50,230.40,0.00
104.16.101.204,4,2,0.50,230.51,0.00
104.21.91.8,4,2,0.50,231.95,0.00
104.18.113.123,4,2,0.50,232.95,0.00
104.20.115.247,4,2,0.50,233.02,0.00
104.18.34.140,4,2,0.50,233.75,0.00
104.24.62.80,4,2,0.50,234.25,0.00
104.20.40.122,4,2,0.50,234.99,0.00
104.16.104.47,4,2,0.50,235.10,0.00
104.20.107.191,4,2,0.50,235.12,0.00
104.16.140.58,4,2,0.50,235.25,0.00
104.16.138.247,4,2,0.50,235.72,0.00
104.17.154.192,4,2,0.50,236.00,0.00
104.25.18.39,4,2,0.50,236.01,0.00
104.18.121.184,4,2,0.50,236.13,0.00
104.16.102.110,4,2,0.50,236.24,0.00
104.20.116.218,4,2,0.50,236.40,0.00
104.17.157.36,4,2,0.50,236.73,0.00
104.24.87.224,4,2,0.50,237.00,0.00
104.20.39.89,4,2,0.50,237.48,0.00
104.16.136.254,4,2,0.50,237.92,0.00
104.20.55.141,4,2,0.50,238.24,0.00
104.20.48.207,4,2,0.50,238.55,0.00
104.25.121.247,4,2,0.50,238.71,0.00
162.159.138.161,4,2,0.50,238.73,0.00
104.19.227.60,4,2,0.50,238.95,0.00
104.20.54.23,4,2,0.50,239.53,0.00
104.20.52.16,4,2,0.50,239.56,0.00
104.20.111.102,4,2,0.50,240.32,0.00
104.20.61.188,4,2,0.50,241.40,0.00
104.20.33.219,4,2,0.50,241.87,0.00
104.19.146.99,4,2,0.50,247.20,0.00
104.20.57.187,4,2,0.50,249.70,0.00
104.20.17.141,4,2,0.50,250.64,0.00
104.20.63.171,4,2,0.50,251.21,0.00
104.23.125.187,4,2,0.50,258.24,0.00
104.16.137.32,4,2,0.50,259.92,0.00
104.20.13.182,4,2,0.50,260.65,0.00
104.19.141.128,4,2,0.50,263.07,0.00
104.25.13.39,4,2,0.50,263.65,0.00
104.25.12.110,4,2,0.50,265.04,0.00
104.20.30.113,4,2,0.50,266.10,0.00
104.25.135.136,4,2,0.50,273.99,0.00
104.25.233.78,4,2,0.50,277.18,0.00
104.20.29.193,4,2,0.50,278.03,0.00
104.19.140.4,4,2,0.50,279.95,0.00
104.20.11.61,4,2,0.50,281.79,0.00
104.25.92.221,4,2,0.50,283.67,0.00
104.25.108.30,4,2,0.50,283.78,0.00
104.19.137.222,4,2,0.50,284.75,0.00
104.20.28.205,4,2,0.50,285.09,0.00
104.25.99.230,4,2,0.50,286.19,0.00
104.25.224.118,4,2,0.50,298.36,0.00
104.20.27.107,4,2,0.50,300.31,0.00
104.20.26.115,4,2,0.50,300.40,0.00
104.25.102.196,4,2,0.50,301.35,0.00
104.25.105.69,4,2,0.50,304.00,0.00
104.19.138.127,4,2,0.50,306.26,0.00
104.20.25.250,4,2,0.50,311.64,0.00
104.16.111.53,4,2,0.50,312.45,0.00
104.25.208.75,4,2,0.50,318.31,0.00
104.20.21.167,4,2,0.50,322.78,0.00
104.20.23.218,4,2,0.50,329.22,0.00
104.20.22.165,4,2,0.50,348.82,0.00
